Title,Category,URL,Source
"Casa Son Parc","inmobiliaria","https://www.vivla.com/es/listings/casa-son-parc","vivla"
"Casa Tarida","inmobiliaria","https://www.vivla.com/es/listings/casa-tarida","vivla"
"Casa Son Parc III","inmobiliaria","https://www.vivla.com/es/listings/casa-son-parc-iii","vivla"
"Casa Abanillas","inmobiliaria","https://www.vivla.com/es/listings/casa-abanillas","vivla"
"Casa Lábara","inmobiliaria","https://www.vivla.com/es/listings/casa-lamedra","vivla"
"Casa Hermosilla","inmobiliaria","https://www.vivla.com/es/listings/casa-recoletos","vivla"
"Casa Nara","inmobiliaria","https://www.vivla.com/es/listings/casa-nara","vivla"
"Casa Abaña","inmobiliaria","https://www.vivla.com/es/listings/casa-abana","vivla"
"Casa Mareta","inmobiliaria","https://www.vivla.com/es/listings/casa-mareta","vivla"
"Casa Luma","inmobiliaria","https://www.vivla.com/es/listings/casa-luma","vivla"
"Casa Wave Poolside","inmobiliaria","https://www.vivla.com/es/listings/casa-wave-poolside","vivla"
"Casa Wave Seaside","inmobiliaria","https://www.vivla.com/es/listings/casa-wave-seaside","vivla"
"Casa Solaz","inmobiliaria","https://www.vivla.com/es/listings/casa-solaz","vivla"
"Casa Lumio","inmobiliaria","https://www.vivla.com/es/listings/casa-lumio","vivla"
"Casa Saut","inmobiliaria","https://www.vivla.com/es/listings/casa-saut","vivla"
"Casa Bossóst","inmobiliaria","https://www.vivla.com/es/listings/casa-bossost","vivla"
"Casa Gessóla","inmobiliaria","https://www.vivla.com/es/listings/casa-gessola","vivla"
"Casa Ostau","inmobiliaria","https://www.vivla.com/es/listings/casa-ostau","vivla"
"Casa Atlas","inmobiliaria","https://www.vivla.com/es/listings/casa-atlas","vivla"
"Casa Arties","inmobiliaria","https://www.vivla.com/es/listings/casa-arties","vivla"
"Casa Salaró Terrassa","inmobiliaria","https://www.vivla.com/es/listings/casa-salaro-terrassa","vivla"
"Casa Capdera","inmobiliaria","https://www.vivla.com/es/listings/casa-capdera","vivla"
"Casa Salaró Penthouse","inmobiliaria","https://www.vivla.com/es/listings/casa-salaro-penthouse","vivla"
"Casa Bruisha","inmobiliaria","https://www.vivla.com/es/listings/casa-bruisha","vivla"
"Casa Bini","inmobiliaria","https://www.vivla.com/es/listings/casa-bini","vivla"
"Casa Tosalet","inmobiliaria","https://www.vivla.com/es/listings/casa-tosalet","vivla"
"Casa Naut","inmobiliaria","https://www.vivla.com/es/listings/casa-naut","vivla"
"Casa Capdera Duplex","inmobiliaria","https://www.vivla.com/es/listings/casa-capdera-duplex","vivla"
"Casa Valderrama","inmobiliaria","https://www.vivla.com/es/listings/casa-valderrama","vivla"
"Casa Onada","inmobiliaria","https://www.vivla.com/es/listings/casa-onada","vivla"
"Casa Tarida III","inmobiliaria","https://www.vivla.com/es/listings/casa-tarida-iii","vivla"
"Casa Aranyó","inmobiliaria","https://www.vivla.com/es/listings/casa-aranyo","vivla"
"Casa Aranèla","inmobiliaria","https://www.vivla.com/es/listings/casa-aranela","vivla"
"Casa Baqueira 1500","inmobiliaria","https://www.vivla.com/es/listings/casa-baqueira-1500","vivla"
"Casa Arsola","inmobiliaria","https://www.vivla.com/es/listings/casa-arsola","vivla"
"Casa Coves","inmobiliaria","https://www.vivla.com/es/listings/casa-coves","vivla"
"Casa Neret","inmobiliaria","https://www.vivla.com/es/listings/casa-neret","vivla"
"Casa Son Parc II","inmobiliaria","https://www.vivla.com/es/listings/casa-son-parc-ii","vivla"
"Casa Tarida II","inmobiliaria","https://www.vivla.com/es/listings/casa-tarida-ii","vivla"
"Casa Muntanyó","inmobiliaria","https://www.vivla.com/es/listings/casa-muntanyo","vivla"
"Casa Fir","inmobiliaria","https://www.vivla.com/es/listings/casa-fir","vivla"
"Casa Nin","inmobiliaria","https://www.vivla.com/es/listings/casa-nin","vivla"
"Casa Ribes","inmobiliaria","https://www.vivla.com/es/listings/casa-ribes","vivla"
"Casa Ruda","inmobiliaria","https://www.vivla.com/es/listings/casa-ruda","vivla"
"Casa Gades","inmobiliaria","https://www.vivla.com/es/listings/casa-gades","vivla"
"Casa Saona","inmobiliaria","https://www.vivla.com/es/listings/casa-saona","vivla"
"Casa Deveses","inmobiliaria","https://www.vivla.com/es/listings/casa-deveses","vivla"
"Casa Nheu","inmobiliaria","https://www.vivla.com/es/listings/casa-nheu","vivla"
"Casa Oyambre","inmobiliaria","https://www.vivla.com/es/listings/casa-oyambre","vivla"
"Casa Garona","inmobiliaria","https://www.vivla.com/es/listings/casa-garona","vivla"
"Casa Salaró","inmobiliaria","https://www.vivla.com/es/listings/casa-salaro","vivla"
"Casa Tuna","inmobiliaria","https://www.vivla.com/es/listings/casa-tuna","vivla"
"Casa Sidonia","inmobiliaria","https://www.vivla.com/es/listings/casa-sidonia","vivla"
"Casa Tanau","inmobiliaria","https://www.vivla.com/es/listings/casa-tanau","vivla"
"Casa Pinere","inmobiliaria","https://www.vivla.com/es/listings/casa-pinere","vivla"
"Casa Arnica","inmobiliaria","https://www.vivla.com/es/listings/casa-arnica","vivla"
"Casa Artiga","inmobiliaria","https://www.vivla.com/es/listings/casa-artiga","vivla"
"Casa Numa","inmobiliaria","https://www.vivla.com/es/listings/casa-numa","vivla"
"Casa Taula","inmobiliaria","https://www.vivla.com/es/listings/casa-taula","vivla"
"Casa Solera","inmobiliaria","https://www.vivla.com/es/listings/casa-solera","vivla"
